{
  "i": 4,
  "f": 12.4765759,
  "d": 2.055952091217041,
  "b": true,
  "s": "q",
  "arr": [
    0,
    1,
    2,
    3
  ],
  "list": [
    0.0,
    0.1,
    0.2,
    0.3
  ],
  "dic": {
    "딕셔너리": true,
    "더함": false
  }
}